<?xml version="1.0" encoding="UTF-8" ?>
<odoo>
    <data noupdate="1">
  <record id="late_multi_comp_rule" model="ir.rule">
        <field name="name">Late Emp multi company rule</field>
        <field name="model_id" ref="employee_late_check_in.model_late_check_in"/>
        <field name="global" eval="True"/>
        <field name="domain_force">['|',('company_id','=',False),('company_id', 'in', company_ids)]</field>
    </record>

        <record id="attend_multi_comp_rule" model="ir.rule">
        <field name="name">Attendance Emp multi company rule</field>
        <field name="model_id" ref="hr_attendance.model_hr_attendance"/>
        <field name="global" eval="True"/>
        <field name="domain_force">['|',('company_id','=',False),('company_id', 'in', company_ids)]</field>
    </record>
    </data>
</odoo>