<?xml version="1.0" encoding="utf-8"?>
<odoo>
    <data noupdate="1">
        <record id="hr_rule_advance_salary_employee" model="ir.rule">
            <field name="name">Personal Advance Salary</field>
            <field ref="model_hr_advance_salary" name="model_id"/>
            <field name="domain_force">[('manager_id.user_ids','=',user.id)]</field>
            <field name="groups" eval="[(4, ref('base.group_user'))]"/>
        </record>

        <record id="hr_rule_advance_salary" model="ir.rule">
            <field name="name">Advance Salary Request HR Manager</field>
            <field ref="model_hr_advance_salary" name="model_id"/>
            <field name="domain_force">[(1,'=',1)]</field>
            <field name="groups" eval="[(4, ref('hr.group_hr_manager'))]"/>
        </record>

    <record id="advance_multi_comp_rule" model="ir.rule">
        <field name="name">Advance multi company rule</field>
        <field name="model_id" ref="sync_employee_advance_salary.model_hr_advance_salary"/>
        <field name="global" eval="True"/>
        <field name="domain_force">['|',('company_id','=',False),('company_id', 'in', company_ids)]</field>
    </record>
             <record id="kaytex_approver_group_first" model="res.groups">
        <field name="name">Loan First Approval</field>
         <field name="category_id" ref="base.module_category_human_resources_employees"/>
    </record>

    <record id="kaytex_approver_group_second" model="res.groups">
        <field name="name">Loan Second Approval</field>
        <field name="category_id" ref="base.module_category_human_resources_employees"/>
     </record>

    </data>

</odoo>