<odoo>
    <data>

        <record id="structure_type_employee" model="hr.payroll.structure.type">
            <field name="name">Regular</field>
            <field name="country_id" eval="False"/>
            <field name="default_work_entry_type_id" ref="hr_work_entry.work_entry_type_attendance"/>
        </record>


        <record id="late_check_in_salary_structure" model="hr.payroll.structure">
            <!--            <field name="code">LCS</field>-->
            <field name="name">Regular Pay</field>
            <field name="type_id" ref="structure_type_employee"/>
            <!--            <field eval="[(6, 0, [ref('hr_payroll_community.hr_rule_basic'),ref('hr_payroll_community.hr_rule_net')-->
            <!--            ,ref('hr_payroll_community.hr_rule_taxable'), ref('late_check_in')])]" name="rule_ids"/>-->
            <!--            <field name="company_id" ref="base.main_company"/>-->
        </record>


        <record id="late_check_in" model="hr.salary.rule">
            <field name="name">Late Check-in</field>
            <field name="sequence" eval="6"/>
            <field name="code">LC</field>
            <field name="category_id" ref="hr_payroll.DED"/>
            <field name="struct_id" ref="late_check_in_salary_structure"/>
            <field name="amount_select">code</field>
            <field name="amount_select">code</field>
            <field name="amount_python_compute">
                amount = 0
                try:
                if inputs.LC:
                amount = inputs.LC.amount
                except:
                amount = 0
                result = -amount
            </field>
        </record>


    </data>
</odoo>