<?xml version="1.0" ?>
<odoo>
    <data>

        <!--  Birthday Wishes Email Template -->
        <record id="email_template_edi_birthday_reminder" model="mail.template">
            <field name="name">Attendance Alart</field>
            <field name="subject">Mr/Miss {{object.name or ''}} !</field>
            <field name="model_id" ref="base.model_res_partner"/>
            <field name="auto_delete" eval="True"/>
            <field name="body_html" type="html">
                <div style="font-family: 'Lucica Grande', Ubuntu, Arial, Verdana, sans-serif; font-size: 12px; color: rgb(34, 34, 34); background-color: rgb(255, 255, 255); ">
                    <p>You are both tharki on on gzala</p>
                    <p> <strong t-out="object.name or ''"></strong> !</p>
                    <p> Hope you have a great Year Ahead. Stay Healthy, Stay Happy.</p>  
                   <br/>
                    Best Wishes,
                    <p><t t-out="object.company_id.name or ''"/></p>
                </div>
            </field>
        </record>
        
        
    </data>
</odoo>