<?xml version="1.0" encoding="utf-8"?>
<odoo>
    <data noupdate="0">
        <record id="hr_advance_salary_rule" model="hr.salary.rule">
            <field name="name">Advance Salary</field>
            <field name="sequence" eval="150"/>
            <field name="code">ADV/SAL</field>
            <field name="category_id" ref="hr_payroll.DED"/>
<!--            <field name="struct_id" ref="1"/>-->
            <field name="condition_select">none</field>
            <field name="amount_select">fix</field>
            <field name="quantity">0.0</field>
            <field name="amount_fix">0.00</field>
         </record>

        <record id="hr_loan_salary_rule" model="hr.salary.rule">
            <field name="name">Loan Request</field>
            <field name="sequence" eval="150"/>
            <field name="code">LOAN/SAL</field>
            <field name="category_id" ref="hr_payroll.DED"/>
<!--            <field name="struct_id" ref="employee_late_check_in.late_check_in_salary_structure"/>-->
            <field name="condition_select">none</field>
            <field name="amount_select">fix</field>
            <field name="quantity">0.0</field>
            <field name="amount_fix">0.00</field>
         </record>


<!--         <record id="new_advance_payroll" model="hr.payroll.structure">-->
<!--            <field name="name">Advance For Employee</field>-->
<!--             <field name="type_id" ref="employee_late_check_in.structure_type_employee"/>-->
<!--&lt;!&ndash;            <field name="rule_ids" eval="[(4,ref('hr_advance_salary_rule'))]" />&ndash;&gt;-->
<!--&lt;!&ndash;&lt;!&ndash;            <field name="company_id" ref="base.main_company"/>&ndash;&gt;&ndash;&gt;-->
<!--        </record>-->

    </data>
</odoo>